<?xml version="1.0" encoding="UTF-8"?>
<metadata xml:lang="en"><Esri><CreaDate>20160421</CreaDate><CreaTime>16003300</CreaTime><ArcGISFormat>1.0</ArcGISFormat><SyncOnce>TRUE</SyncOnce><DataProperties><lineage><Process Name="Create Fishnet" ToolSource="c:\program files (x86)\arcgis\desktop10.3\ArcToolbox\Toolboxes\Data Management Tools.tbx\CreateFishnet" Date="20160421" Time="155134">CreateFishnet D:\PROJECTS\NEON_D17\ANALYSIS\EXPORT\VECTOR\FISHNETS\FISHNETS_ALL_TRIM\D17_1000m.shp "253155.034324944 4087735.77586461" "253155.034324944 4087745.77586461" 1000 1000 # # "328308.611166812 4113866.59038902" LABELS D:\PROJECTS\NEON_D17\ANALYSIS\EXPORT\VECTOR\DOMAINS\ALL_DOMAINS_TRIM.shp POLYGON</Process><Process ToolSource="c:\program files (x86)\arcgis\desktop10.4\ArcToolbox\Toolboxes\Data Management Tools.tbx\CalculateField" Date="20161001" Time="081309">CalculateField D17_1000m_inside Id [FID] VB #</Process></lineage><itemProps><itemLocation><linkage Sync="TRUE">file://\\TCLASGS-JCXGW52\D$\PROJECTS\NEON_D17\ANALYSIS\EXPORT\VECTOR\FISHNETS\FISHNETS_ALL_TRIM\PROV_1000m_inside</linkage><protocol Sync="TRUE">Local Area Network</protocol></itemLocation></itemProps><copyHistory><copy source="D:\PROJECTS\NEON_D17\ANALYSIS\EXPORT\VECTOR\FISHNETS\PROV_1000m_inside" dest="\\TCLASGS-JCXGW52\D$\PROJECTS\NEON_D17\ANALYSIS\EXPORT\VECTOR\FISHNETS\FISHNETS_ALL_TRIM\PROV_1000m_inside" date="20160421" time="16044300"></copy></copyHistory></DataProperties></Esri></metadata>
