<PAMDataset>
  <Metadata>
    <MDI key="DataType">Generic</MDI>
  </Metadata>
  <Metadata domain="Esri">
    <MDI key="PyramidResamplingType">NEAREST</MDI>
  </Metadata>
  <PAMRasterBand band="1">
    <Histograms>
      <HistItem>
        <HistMin>66</HistMin>
        <HistMax>85</HistMax>
        <BucketCount>256</BucketCount>
        <IncludeOutOfRange>1</IncludeOutOfRange>
        <Approximate>0</Approximate>
        <HistCounts>1|0|0|0|0|0|0|0|0|0|0|0|0|5|0|0|0|0|0|0|0|0|0|0|0|0|23|0|0|0|0|0|0|0|0|0|0|0|0|0|44|0|0|0|0|0|0|0|0|0|0|0|0|69|0|0|0|0|0|0|0|0|0|0|0|0|0|70|0|0|0|0|0|0|0|0|0|0|0|0|73|0|0|0|0|0|0|0|0|0|0|0|0|74|0|0|0|0|0|0|0|0|0|0|0|0|0|61|0|0|0|0|0|0|0|0|0|0|0|0|41|0|0|0|0|0|0|0|0|0|0|0|0|0|62|0|0|0|0|0|0|0|0|0|0|0|0|71|0|0|0|0|0|0|0|0|0|0|0|0|0|95|0|0|0|0|0|0|0|0|0|0|0|0|104|0|0|0|0|0|0|0|0|0|0|0|0|149|0|0|0|0|0|0|0|0|0|0|0|0|0|447|0|0|0|0|0|0|0|0|0|0|0|0|1093|0|0|0|0|0|0|0|0|0|0|0|0|0|777|0|0|0|0|0|0|0|0|0|0|0|0|102|0|0|0|0|0|0|0|0|0|0|0|0|0|1</HistCounts>
      </HistItem>
    </Histograms>
    <Metadata>
      <MDI key="SourceBandIndex">0</MDI>
      <MDI key="STATISTICS_COVARIANCES">14.62789837802558</MDI>
      <MDI key="STATISTICS_EXCLUDEDVALUES"></MDI>
      <MDI key="STATISTICS_MAXIMUM">85</MDI>
      <MDI key="STATISTICS_MEAN">80.23497917906</MDI>
      <MDI key="STATISTICS_MINIMUM">66</MDI>
      <MDI key="STATISTICS_SKIPFACTORX">1</MDI>
      <MDI key="STATISTICS_SKIPFACTORY">1</MDI>
      <MDI key="STATISTICS_STDDEV">3.8246435622193</MDI>
    </Metadata>
  </PAMRasterBand>
</PAMDataset>
