<PAMDataset>
  <Metadata>
    <MDI key="DataType">Generic</MDI>
  </Metadata>
  <Metadata domain="Esri">
    <MDI key="PyramidResamplingType">NEAREST</MDI>
  </Metadata>
  <PAMRasterBand band="1">
    <Histograms>
      <HistItem>
        <HistMin>0</HistMin>
        <HistMax>15</HistMax>
        <BucketCount>256</BucketCount>
        <IncludeOutOfRange>1</IncludeOutOfRange>
        <Approximate>0</Approximate>
        <HistCounts>727|0|0|0|0|0|0|0|0|0|0|0|0|0|0|0|0|885|0|0|0|0|0|0|0|0|0|0|0|0|0|0|0|0|353|0|0|0|0|0|0|0|0|0|0|0|0|0|0|0|0|285|0|0|0|0|0|0|0|0|0|0|0|0|0|0|0|0|240|0|0|0|0|0|0|0|0|0|0|0|0|0|0|0|0|164|0|0|0|0|0|0|0|0|0|0|0|0|0|0|0|0|134|0|0|0|0|0|0|0|0|0|0|0|0|0|0|0|0|110|0|0|0|0|0|0|0|0|0|0|0|0|0|0|0|0|80|0|0|0|0|0|0|0|0|0|0|0|0|0|0|0|0|108|0|0|0|0|0|0|0|0|0|0|0|0|0|0|0|0|95|0|0|0|0|0|0|0|0|0|0|0|0|0|0|0|0|97|0|0|0|0|0|0|0|0|0|0|0|0|0|0|0|0|45|0|0|0|0|0|0|0|0|0|0|0|0|0|0|0|0|26|0|0|0|0|0|0|0|0|0|0|0|0|0|0|0|0|12|0|0|0|0|0|0|0|0|0|0|0|0|0|0|0|0|1</HistCounts>
      </HistItem>
    </Histograms>
    <Metadata>
      <MDI key="SourceBandIndex">0</MDI>
      <MDI key="STATISTICS_COVARIANCES">11.55651672321398</MDI>
      <MDI key="STATISTICS_EXCLUDEDVALUES"></MDI>
      <MDI key="STATISTICS_MAXIMUM">15</MDI>
      <MDI key="STATISTICS_MEAN">3.1201665675193</MDI>
      <MDI key="STATISTICS_MINIMUM">0</MDI>
      <MDI key="STATISTICS_SKIPFACTORX">1</MDI>
      <MDI key="STATISTICS_SKIPFACTORY">1</MDI>
      <MDI key="STATISTICS_STDDEV">3.3994877148203</MDI>
    </Metadata>
  </PAMRasterBand>
</PAMDataset>
