<PAMDataset>
  <Metadata>
    <MDI key="DataType">Generic</MDI>
  </Metadata>
  <Metadata domain="Esri">
    <MDI key="PyramidResamplingType">NEAREST</MDI>
  </Metadata>
  <PAMRasterBand band="1">
    <Histograms>
      <HistItem>
        <HistMin>15</HistMin>
        <HistMax>170</HistMax>
        <BucketCount>256</BucketCount>
        <IncludeOutOfRange>1</IncludeOutOfRange>
        <Approximate>0</Approximate>
        <HistCounts>1|0|0|0|0|0|0|0|1|3|0|1|0|2|3|0|4|0|6|1|0|6|0|4|10|0|5|9|0|12|0|14|17|0|12|0|22|19|0|18|0|17|18|0|17|0|18|14|0|17|0|29|16|0|20|18|0|16|0|21|18|0|13|0|10|13|0|11|0|13|13|0|12|0|15|21|0|23|15|0|13|0|20|14|0|21|0|16|17|0|15|0|18|14|0|17|0|17|14|0|10|0|13|9|0|6|14|0|20|0|16|17|0|11|0|7|10|0|14|0|12|13|0|17|0|17|13|0|21|19|0|17|0|16|9|0|20|0|11|5|0|6|0|9|9|0|9|0|14|6|0|5|0|11|10|0|7|8|0|16|0|9|14|0|14|0|16|7|0|14|0|13|8|0|12|0|14|17|0|11|9|0|16|0|21|11|0|10|0|14|15|0|14|0|19|19|0|9|0|14|15|0|15|0|9|12|0|15|14|0|15|0|13|15|0|9|0|22|12|0|35|0|25|17|0|28|0|34|30|0|43|67|0|83|0|81|91|0|80|0|101|110|0|92|0|100|148|0|158|0|170|148|0|23|0|1</HistCounts>
      </HistItem>
    </Histograms>
    <Metadata>
      <MDI key="SourceBandIndex">0</MDI>
      <MDI key="STATISTICS_COVARIANCES">2106.495000921265</MDI>
      <MDI key="STATISTICS_EXCLUDEDVALUES"></MDI>
      <MDI key="STATISTICS_MAXIMUM">170</MDI>
      <MDI key="STATISTICS_MEAN">123.17697798929</MDI>
      <MDI key="STATISTICS_MINIMUM">15</MDI>
      <MDI key="STATISTICS_SKIPFACTORX">1</MDI>
      <MDI key="STATISTICS_SKIPFACTORY">1</MDI>
      <MDI key="STATISTICS_STDDEV">45.896568509217</MDI>
    </Metadata>
  </PAMRasterBand>
</PAMDataset>
