<PAMDataset>
  <Metadata>
    <MDI key="DataType">Generic</MDI>
  </Metadata>
  <Metadata domain="Esri">
    <MDI key="PyramidResamplingType">NEAREST</MDI>
  </Metadata>
  <PAMRasterBand band="1">
    <Histograms>
      <HistItem>
        <HistMin>89</HistMin>
        <HistMax>258</HistMax>
        <BucketCount>256</BucketCount>
        <IncludeOutOfRange>1</IncludeOutOfRange>
        <Approximate>0</Approximate>
        <HistCounts>1|0|0|0|0|0|0|1|0|1|3|0|2|3|0|3|5|0|2|1|0|4|4|0|8|7|0|10|6|0|16|11|0|13|22|0|11|22|0|16|17|0|16|16|0|16|13|0|22|17|0|20|16|0|23|16|0|22|18|0|12|13|0|7|12|0|14|10|0|15|16|0|15|21|0|11|19|0|14|19|0|9|15|0|21|0|13|13|0|19|17|0|10|15|0|15|11|0|11|9|0|10|7|0|11|13|0|14|8|0|18|14|0|8|7|0|15|8|0|9|14|0|11|17|0|16|6|0|21|14|0|15|15|0|11|6|0|19|7|0|5|7|0|4|9|0|6|9|0|10|6|0|6|4|0|11|11|0|7|7|0|10|12|0|6|14|0|12|12|0|9|0|7|12|0|9|9|0|12|9|0|16|10|0|8|11|0|19|13|0|9|9|0|15|13|0|11|15|0|19|14|0|8|14|0|11|13|0|11|6|0|14|15|0|12|13|0|12|11|0|12|12|0|20|28|0|20|24|0|13|30|0|36|40|0|47|83|0|90|101|0|107|112|0|140|173|0|227|245|0|115|29|0|4|0|3</HistCounts>
      </HistItem>
    </Histograms>
    <Metadata>
      <MDI key="SourceBandIndex">0</MDI>
      <MDI key="STATISTICS_COVARIANCES">2586.018479458094</MDI>
      <MDI key="STATISTICS_EXCLUDEDVALUES"></MDI>
      <MDI key="STATISTICS_MAXIMUM">258</MDI>
      <MDI key="STATISTICS_MEAN">207.69541939322</MDI>
      <MDI key="STATISTICS_MINIMUM">89</MDI>
      <MDI key="STATISTICS_SKIPFACTORX">1</MDI>
      <MDI key="STATISTICS_SKIPFACTORY">1</MDI>
      <MDI key="STATISTICS_STDDEV">50.852910235876</MDI>
    </Metadata>
  </PAMRasterBand>
</PAMDataset>
