<PAMDataset>
  <Metadata>
    <MDI key="DataType">Generic</MDI>
  </Metadata>
  <Metadata domain="Esri">
    <MDI key="PyramidResamplingType">NEAREST</MDI>
  </Metadata>
  <PAMRasterBand band="1">
    <Histograms>
      <HistItem>
        <HistMin>-42</HistMin>
        <HistMax>84</HistMax>
        <BucketCount>256</BucketCount>
        <IncludeOutOfRange>1</IncludeOutOfRange>
        <Approximate>0</Approximate>
        <HistCounts>1|0|0|0|0|0|0|0|1|0|3|0|1|0|2|0|3|0|5|0|5|0|2|0|7|0|9|0|9|0|7|0|12|0|13|0|13|0|20|0|21|0|21|0|17|0|20|0|19|0|14|0|20|0|20|0|16|0|24|0|27|0|13|0|17|0|20|0|22|0|15|0|9|0|9|0|15|0|12|0|6|0|17|0|0|8|0|20|0|22|0|15|0|23|0|14|0|21|0|20|0|17|0|17|0|24|0|17|0|23|0|21|0|16|0|16|0|13|0|14|0|15|0|20|0|24|0|12|0|13|0|16|0|22|0|15|0|25|0|21|0|23|0|32|0|17|0|25|0|11|0|11|0|13|0|13|0|10|0|11|0|13|0|6|0|18|0|14|0|0|14|0|17|0|21|0|17|0|13|0|14|0|16|0|13|0|17|0|16|0|20|0|13|0|23|0|14|0|17|0|24|0|24|0|14|0|12|0|24|0|16|0|17|0|14|0|21|0|16|0|14|0|16|0|18|0|20|0|33|0|48|0|36|0|27|0|76|0|113|0|162|0|154|0|189|0|174|0|256|0|295|0|93|0|0|3</HistCounts>
      </HistItem>
    </Histograms>
    <Metadata>
      <MDI key="SourceBandIndex">0</MDI>
      <MDI key="STATISTICS_COVARIANCES">1301.194602910064</MDI>
      <MDI key="STATISTICS_EXCLUDEDVALUES"></MDI>
      <MDI key="STATISTICS_MAXIMUM">84</MDI>
      <MDI key="STATISTICS_MEAN">49.116894705532</MDI>
      <MDI key="STATISTICS_MINIMUM">-42</MDI>
      <MDI key="STATISTICS_SKIPFACTORX">1</MDI>
      <MDI key="STATISTICS_SKIPFACTORY">1</MDI>
      <MDI key="STATISTICS_STDDEV">36.072075112337</MDI>
    </Metadata>
  </PAMRasterBand>
</PAMDataset>
