<PAMDataset>
  <Metadata>
    <MDI key="DataType">Generic</MDI>
  </Metadata>
  <Metadata domain="Esri">
    <MDI key="PyramidResamplingType">NEAREST</MDI>
  </Metadata>
  <PAMRasterBand band="1">
    <Histograms>
      <HistItem>
        <HistMin>3</HistMin>
        <HistMax>50</HistMax>
        <BucketCount>256</BucketCount>
        <IncludeOutOfRange>1</IncludeOutOfRange>
        <Approximate>0</Approximate>
        <HistCounts>310|0|0|0|0|107|0|0|0|0|310|0|0|0|0|0|257|0|0|0|0|235|0|0|0|0|0|208|0|0|0|0|185|0|0|0|0|43|0|0|0|0|0|46|0|0|0|0|131|0|0|0|0|0|121|0|0|0|0|31|0|0|0|0|0|93|0|0|0|0|106|0|0|0|0|68|0|0|0|0|0|57|0|0|0|0|145|0|0|0|0|0|67|0|0|0|0|81|0|0|0|0|0|55|0|0|0|0|32|0|0|0|0|90|0|0|0|0|0|18|0|0|0|0|65|0|0|0|0|0|37|0|0|0|0|29|0|0|0|0|0|30|0|0|0|0|21|0|0|0|0|64|0|0|0|0|0|36|0|0|0|0|44|0|0|0|0|0|40|0|0|0|0|24|0|0|0|0|0|40|0|0|0|0|49|0|0|0|0|17|0|0|0|0|0|15|0|0|0|0|16|0|0|0|0|0|9|0|0|0|0|13|0|0|0|0|0|4|0|0|0|0|3|0|0|0|0|6|0|0|0|0|0|1|0|0|0|0|2|0|0|0|0|0|0|0|0|0|0|0|0|0|0|0|0|1</HistCounts>
      </HistItem>
    </Histograms>
    <Metadata>
      <MDI key="SourceBandIndex">0</MDI>
      <MDI key="STATISTICS_COVARIANCES">106.6717955425648</MDI>
      <MDI key="STATISTICS_EXCLUDEDVALUES"></MDI>
      <MDI key="STATISTICS_MAXIMUM">50</MDI>
      <MDI key="STATISTICS_MEAN">14.323616894706</MDI>
      <MDI key="STATISTICS_MINIMUM">3</MDI>
      <MDI key="STATISTICS_SKIPFACTORX">1</MDI>
      <MDI key="STATISTICS_SKIPFACTORY">1</MDI>
      <MDI key="STATISTICS_STDDEV">10.328203887538</MDI>
    </Metadata>
  </PAMRasterBand>
</PAMDataset>
