<PAMDataset>
  <Metadata>
    <MDI key="DataType">Generic</MDI>
  </Metadata>
  <Metadata domain="Esri">
    <MDI key="PyramidResamplingType">NEAREST</MDI>
  </Metadata>
  <PAMRasterBand band="1">
    <Histograms>
      <HistItem>
        <HistMin>55</HistMin>
        <HistMax>183</HistMax>
        <BucketCount>256</BucketCount>
        <IncludeOutOfRange>1</IncludeOutOfRange>
        <Approximate>0</Approximate>
        <HistCounts>1|4|0|4|0|12|0|16|0|16|0|22|0|24|0|23|0|24|0|23|0|27|0|19|0|13|0|22|0|22|0|22|0|23|0|25|0|29|0|27|0|24|0|22|0|18|0|24|0|16|0|16|0|21|0|16|0|15|0|27|0|16|0|25|0|21|0|26|0|20|0|25|0|15|0|25|0|16|0|24|0|28|0|19|0|24|0|25|0|29|0|18|0|24|0|17|0|23|0|13|0|11|0|19|0|19|0|16|0|18|0|23|0|21|0|24|0|22|0|35|0|23|0|31|0|37|0|38|0|29|0|38|0|32|0|41|0|45|0|40|0|53|0|45|0|46|0|44|0|32|0|26|0|34|0|35|0|32|0|49|0|46|0|36|0|44|0|32|0|28|0|31|0|21|0|26|0|31|0|22|0|30|0|29|0|36|0|27|0|36|0|28|0|39|0|38|0|54|0|34|0|34|0|35|0|36|0|35|0|33|0|36|0|42|0|41|0|35|0|28|0|32|0|22|0|26|0|25|0|34|0|46|0|43|0|25|0|17|0|14|0|13|0|13|0|15|0|8|0|6|0|5|0|6|0|1</HistCounts>
      </HistItem>
    </Histograms>
    <Metadata>
      <MDI key="SourceBandIndex">0</MDI>
      <MDI key="STATISTICS_COVARIANCES">1112.71793569058</MDI>
      <MDI key="STATISTICS_EXCLUDEDVALUES"></MDI>
      <MDI key="STATISTICS_MAXIMUM">183</MDI>
      <MDI key="STATISTICS_MEAN">123.73616894706</MDI>
      <MDI key="STATISTICS_MINIMUM">55</MDI>
      <MDI key="STATISTICS_SKIPFACTORX">1</MDI>
      <MDI key="STATISTICS_SKIPFACTORY">1</MDI>
      <MDI key="STATISTICS_STDDEV">33.357426994458</MDI>
    </Metadata>
  </PAMRasterBand>
</PAMDataset>
