<PAMDataset>
  <Metadata>
    <MDI key="DataType">Generic</MDI>
  </Metadata>
  <Metadata domain="Esri">
    <MDI key="PyramidResamplingType">NEAREST</MDI>
  </Metadata>
  <PAMRasterBand band="1">
    <Histograms>
      <HistItem>
        <HistMin>156</HistMin>
        <HistMax>507</HistMax>
        <BucketCount>256</BucketCount>
        <IncludeOutOfRange>1</IncludeOutOfRange>
        <Approximate>0</Approximate>
        <HistCounts>2|0|3|1|3|4|8|7|9|6|10|11|7|19|10|14|11|3|20|7|11|17|10|11|10|7|9|8|10|14|13|14|7|4|24|6|17|18|12|23|3|14|13|14|10|10|14|9|7|5|16|6|4|17|1|16|3|9|10|16|8|11|16|10|14|6|15|13|7|15|13|13|8|5|20|3|3|20|6|27|8|5|14|12|13|13|12|21|9|4|16|10|14|7|10|18|8|4|16|7|13|11|10|17|6|5|24|10|19|11|12|8|14|11|26|11|24|12|13|27|5|14|30|10|34|14|20|31|23|16|41|13|28|12|22|31|13|21|23|22|31|19|8|25|12|13|26|6|15|11|16|21|24|8|35|10|25|12|17|27|13|13|27|9|9|12|8|25|10|17|14|6|17|16|7|20|10|25|16|8|26|12|9|27|7|28|10|12|34|16|19|26|9|24|11|12|20|10|16|20|13|25|13|13|19|9|15|27|7|26|15|12|14|16|10|29|9|24|7|8|17|12|8|17|5|19|15|8|18|10|20|21|24|15|8|7|14|8|4|10|1|8|4|4|4|3|2|4|1|4|3|1|2|0|0|1</HistCounts>
      </HistItem>
    </Histograms>
    <Metadata>
      <MDI key="SourceBandIndex">0</MDI>
      <MDI key="STATISTICS_COVARIANCES">7963.863299161879</MDI>
      <MDI key="STATISTICS_EXCLUDEDVALUES"></MDI>
      <MDI key="STATISTICS_MAXIMUM">507</MDI>
      <MDI key="STATISTICS_MEAN">338.4759071981</MDI>
      <MDI key="STATISTICS_MINIMUM">156</MDI>
      <MDI key="STATISTICS_SKIPFACTORX">1</MDI>
      <MDI key="STATISTICS_SKIPFACTORY">1</MDI>
      <MDI key="STATISTICS_STDDEV">89.240480159857</MDI>
    </Metadata>
  </PAMRasterBand>
</PAMDataset>
