<PAMDataset>
  <Metadata>
    <MDI key="DataType">Generic</MDI>
  </Metadata>
  <Metadata domain="Esri">
    <MDI key="PyramidResamplingType">NEAREST</MDI>
  </Metadata>
  <PAMRasterBand band="1">
    <Histograms>
      <HistItem>
        <HistMin>149</HistMin>
        <HistMax>494</HistMax>
        <BucketCount>256</BucketCount>
        <IncludeOutOfRange>1</IncludeOutOfRange>
        <Approximate>0</Approximate>
        <HistCounts>2|1|3|0|3|4|9|5|11|1|9|11|12|8|20|9|6|17|6|16|9|10|14|9|6|18|7|5|10|12|6|18|8|7|24|5|19|12|16|18|11|11|19|12|10|20|8|6|12|1|7|16|9|11|4|9|12|5|5|19|6|9|15|7|11|14|4|12|15|11|13|13|7|23|5|4|13|7|8|16|2|6|20|6|13|19|9|20|8|8|17|11|10|20|4|12|13|13|2|17|4|7|18|8|18|7|17|12|8|10|17|10|7|26|10|15|17|14|23|19|9|23|8|10|28|8|11|26|19|17|35|14|14|37|23|20|38|12|24|22|7|40|15|17|32|9|8|19|8|5|21|8|10|16|14|30|13|28|11|19|16|20|23|8|28|11|8|26|8|13|14|11|15|14|6|19|10|5|18|12|9|25|11|8|24|11|17|22|8|20|11|11|27|19|14|30|11|17|28|8|14|18|11|14|26|10|22|11|10|35|9|18|22|10|19|24|12|13|26|11|28|10|14|21|9|11|25|9|13|22|11|17|34|13|14|25|4|13|6|6|12|6|6|11|9|5|6|2|2|5|2|2|4|1|2|0</HistCounts>
      </HistItem>
    </Histograms>
    <Metadata>
      <MDI key="SourceBandIndex">0</MDI>
      <MDI key="STATISTICS_COVARIANCES">8102.119593454043</MDI>
      <MDI key="STATISTICS_EXCLUDEDVALUES"></MDI>
      <MDI key="STATISTICS_MAXIMUM">494</MDI>
      <MDI key="STATISTICS_MEAN">332.64069006544</MDI>
      <MDI key="STATISTICS_MINIMUM">149</MDI>
      <MDI key="STATISTICS_SKIPFACTORX">1</MDI>
      <MDI key="STATISTICS_SKIPFACTORY">1</MDI>
      <MDI key="STATISTICS_STDDEV">90.011774748941</MDI>
    </Metadata>
  </PAMRasterBand>
</PAMDataset>
