<PAMDataset>
  <Metadata>
    <MDI key="DataType">Generic</MDI>
  </Metadata>
  <Metadata domain="Esri">
    <MDI key="PyramidResamplingType">NEAREST</MDI>
  </Metadata>
  <PAMRasterBand band="1">
    <Histograms>
      <HistItem>
        <HistMin>301</HistMin>
        <HistMax>987</HistMax>
        <BucketCount>256</BucketCount>
        <IncludeOutOfRange>1</IncludeOutOfRange>
        <Approximate>0</Approximate>
        <HistCounts>2|3|1|3|4|3|4|6|9|4|11|9|13|17|15|9|7|10|16|8|11|11|9|8|13|6|13|11|9|6|16|15|10|16|11|11|17|13|14|15|19|10|12|18|13|9|15|8|5|8|5|8|12|11|7|9|11|13|8|10|12|7|13|12|6|10|12|10|11|13|18|10|12|13|5|9|11|9|10|7|7|11|20|9|17|13|18|3|16|15|7|18|12|7|12|11|10|9|8|9|7|7|13|5|16|10|6|6|6|5|13|10|12|10|19|17|9|16|16|6|10|13|14|12|17|11|21|21|15|15|21|26|14|23|18|11|24|29|16|16|21|28|20|17|21|14|21|17|13|24|32|19|25|19|13|26|27|20|20|36|25|18|22|25|11|24|25|10|21|15|12|12|14|17|14|17|18|5|18|19|11|16|18|16|15|18|25|9|26|24|13|16|22|11|23|25|14|19|17|17|7|9|20|14|22|24|10|11|27|14|22|16|11|16|19|21|10|26|20|8|16|14|11|17|16|11|18|12|16|12|22|17|15|17|12|6|15|14|3|4|7|6|4|1|5|2|2|4|1|4|1|0|1|0|0|1</HistCounts>
      </HistItem>
    </Histograms>
    <Metadata>
      <MDI key="SourceBandIndex">0</MDI>
      <MDI key="STATISTICS_COVARIANCES">30803.11663283978</MDI>
      <MDI key="STATISTICS_EXCLUDEDVALUES"></MDI>
      <MDI key="STATISTICS_MAXIMUM">987</MDI>
      <MDI key="STATISTICS_MEAN">664.12790005949</MDI>
      <MDI key="STATISTICS_MINIMUM">301</MDI>
      <MDI key="STATISTICS_SKIPFACTORX">1</MDI>
      <MDI key="STATISTICS_SKIPFACTORY">1</MDI>
      <MDI key="STATISTICS_STDDEV">175.50816685511</MDI>
    </Metadata>
  </PAMRasterBand>
</PAMDataset>
