<PAMDataset>
  <Metadata>
    <MDI key="DataType">Generic</MDI>
  </Metadata>
  <Metadata domain="Esri">
    <MDI key="PyramidResamplingType">NEAREST</MDI>
  </Metadata>
  <PAMRasterBand band="1">
    <Histograms>
      <HistItem>
        <HistMin>3</HistMin>
        <HistMax>65</HistMax>
        <BucketCount>256</BucketCount>
        <IncludeOutOfRange>1</IncludeOutOfRange>
        <Approximate>0</Approximate>
        <HistCounts>310|0|0|0|107|0|0|0|310|0|0|0|257|0|0|0|178|0|0|0|118|0|0|0|42|0|0|0|5|0|0|0|0|0|0|0|0|12|0|0|0|7|0|0|0|11|0|0|0|63|0|0|0|30|0|0|0|58|0|0|0|91|0|0|0|79|0|0|0|48|0|0|0|0|50|0|0|0|43|0|0|0|124|0|0|0|82|0|0|0|27|0|0|0|42|0|0|0|71|0|0|0|66|0|0|0|26|0|0|0|0|16|0|0|0|37|0|0|0|93|0|0|0|53|0|0|0|34|0|0|0|40|0|0|0|48|0|0|0|54|0|0|0|46|0|0|0|0|55|0|0|0|71|0|0|0|35|0|0|0|65|0|0|0|31|0|0|0|39|0|0|0|53|0|0|0|53|0|0|0|49|0|0|0|0|32|0|0|0|38|0|0|0|35|0|0|0|41|0|0|0|19|0|0|0|16|0|0|0|19|0|0|0|6|0|0|0|6|0|0|0|0|7|0|0|0|4|0|0|0|6|0|0|0|1|0|0|0|2|0|0|0|0|0|0|0|0|0|0|0|0|0|0|0|0|1</HistCounts>
      </HistItem>
    </Histograms>
    <Metadata>
      <MDI key="SourceBandIndex">0</MDI>
      <MDI key="STATISTICS_COVARIANCES">255.5145789943469</MDI>
      <MDI key="STATISTICS_EXCLUDEDVALUES"></MDI>
      <MDI key="STATISTICS_MAXIMUM">65</MDI>
      <MDI key="STATISTICS_MEAN">21.646341463415</MDI>
      <MDI key="STATISTICS_MINIMUM">3</MDI>
      <MDI key="STATISTICS_SKIPFACTORX">1</MDI>
      <MDI key="STATISTICS_SKIPFACTORY">1</MDI>
      <MDI key="STATISTICS_STDDEV">15.984823395782</MDI>
    </Metadata>
  </PAMRasterBand>
</PAMDataset>
