<PAMDataset>
  <Metadata>
    <MDI key="DataType">Generic</MDI>
  </Metadata>
  <Metadata domain="Esri">
    <MDI key="PyramidResamplingType">NEAREST</MDI>
  </Metadata>
  <PAMRasterBand band="1">
    <Histograms>
      <HistItem>
        <HistMin>112</HistMin>
        <HistMax>161</HistMax>
        <BucketCount>256</BucketCount>
        <IncludeOutOfRange>1</IncludeOutOfRange>
        <Approximate>0</Approximate>
        <HistCounts>1|0|0|0|0|1|0|0|0|0|11|0|0|0|0|13|0|0|0|0|31|0|0|0|0|0|61|0|0|0|0|80|0|0|0|0|89|0|0|0|0|97|0|0|0|0|91|0|0|0|0|0|109|0|0|0|0|90|0|0|0|0|56|0|0|0|0|31|0|0|0|0|30|0|0|0|0|0|16|0|0|0|0|23|0|0|0|0|26|0|0|0|0|26|0|0|0|0|17|0|0|0|0|0|17|0|0|0|0|32|0|0|0|0|25|0|0|0|0|27|0|0|0|0|41|0|0|0|0|0|27|0|0|0|0|30|0|0|0|0|54|0|0|0|0|75|0|0|0|0|126|0|0|0|0|0|125|0|0|0|0|108|0|0|0|0|114|0|0|0|0|113|0|0|0|0|148|0|0|0|0|0|177|0|0|0|0|102|0|0|0|0|102|0|0|0|0|101|0|0|0|0|64|0|0|0|0|0|76|0|0|0|0|86|0|0|0|0|111|0|0|0|0|98|0|0|0|0|85|0|0|0|0|0|64|0|0|0|0|97|0|0|0|0|118|0|0|0|0|104|0|0|0|0|0|16</HistCounts>
      </HistItem>
    </Histograms>
    <Metadata>
      <MDI key="SourceBandIndex">0</MDI>
      <MDI key="STATISTICS_COVARIANCES">179.994488782959</MDI>
      <MDI key="STATISTICS_EXCLUDEDVALUES"></MDI>
      <MDI key="STATISTICS_MAXIMUM">161</MDI>
      <MDI key="STATISTICS_MEAN">141.08001189768</MDI>
      <MDI key="STATISTICS_MINIMUM">112</MDI>
      <MDI key="STATISTICS_SKIPFACTORX">1</MDI>
      <MDI key="STATISTICS_SKIPFACTORY">1</MDI>
      <MDI key="STATISTICS_STDDEV">13.416202472494</MDI>
    </Metadata>
  </PAMRasterBand>
</PAMDataset>
