<PAMDataset>
  <Metadata>
    <MDI key="DataType">Generic</MDI>
  </Metadata>
  <Metadata domain="Esri">
    <MDI key="PyramidResamplingType">NEAREST</MDI>
  </Metadata>
  <PAMRasterBand band="1">
    <Histograms>
      <HistItem>
        <HistMin>5312</HistMin>
        <HistMax>6965</HistMax>
        <BucketCount>256</BucketCount>
        <IncludeOutOfRange>1</IncludeOutOfRange>
        <Approximate>0</Approximate>
        <HistCounts>1|1|0|0|0|0|0|1|3|4|6|2|4|2|2|7|5|8|10|7|15|10|17|19|14|23|18|28|26|22|15|14|23|23|20|29|18|24|17|20|20|24|24|27|11|24|10|23|12|8|4|12|9|7|8|14|11|9|9|11|11|6|7|5|9|4|5|8|11|3|7|8|6|6|3|5|6|6|9|5|11|5|5|5|7|13|4|4|7|10|6|9|11|9|9|13|2|7|3|11|4|9|8|4|3|4|4|3|9|5|4|7|3|2|5|2|4|1|2|2|4|8|1|3|7|0|4|3|7|1|1|1|2|6|3|1|5|5|2|5|7|3|8|8|5|7|6|4|6|3|2|4|8|7|11|5|2|4|2|6|7|6|4|4|8|5|5|5|3|5|9|5|8|5|12|9|7|5|7|13|7|7|9|6|6|7|2|5|7|12|12|8|9|4|9|5|9|6|7|9|7|5|5|10|7|8|8|9|5|14|13|12|8|9|10|13|9|14|11|23|15|37|47|61|62|92|92|96|102|87|110|111|130|90|93|67|78|58|52|31|18|14|17|12|9|6|7|4|2|1|1|0|3|0|0|1</HistCounts>
      </HistItem>
    </Histograms>
    <Metadata>
      <MDI key="SourceBandIndex">0</MDI>
      <MDI key="STATISTICS_COVARIANCES">280384.7362406309</MDI>
      <MDI key="STATISTICS_EXCLUDEDVALUES"></MDI>
      <MDI key="STATISTICS_MAXIMUM">6965</MDI>
      <MDI key="STATISTICS_MEAN">6367.0502676978</MDI>
      <MDI key="STATISTICS_MINIMUM">5312</MDI>
      <MDI key="STATISTICS_SKIPFACTORX">1</MDI>
      <MDI key="STATISTICS_SKIPFACTORY">1</MDI>
      <MDI key="STATISTICS_STDDEV">529.51367899293</MDI>
    </Metadata>
  </PAMRasterBand>
</PAMDataset>
