<PAMDataset>
  <Metadata>
    <MDI key="DataType">Generic</MDI>
  </Metadata>
  <Metadata domain="Esri">
    <MDI key="PyramidResamplingType">NEAREST</MDI>
  </Metadata>
  <PAMRasterBand band="1">
    <Histograms>
      <HistItem>
        <HistMin>168</HistMin>
        <HistMax>372</HistMax>
        <BucketCount>256</BucketCount>
        <IncludeOutOfRange>1</IncludeOutOfRange>
        <Approximate>0</Approximate>
        <HistCounts>1|0|0|0|0|0|0|0|2|0|2|1|4|1|0|3|5|1|1|0|6|1|6|5|0|5|8|9|14|0|9|13|18|11|0|15|17|18|16|0|9|19|14|9|0|22|16|11|21|0|18|19|18|21|0|13|14|14|9|0|8|14|14|10|0|10|16|19|13|0|18|12|13|16|0|15|11|15|13|0|12|12|16|10|0|16|6|16|8|0|11|7|12|7|0|4|6|7|7|0|10|11|8|8|0|15|10|6|7|0|5|10|9|3|0|7|8|11|10|0|9|13|8|9|0|14|13|12|10|0|9|11|5|4|0|10|14|7|4|0|4|4|8|7|0|1|9|9|7|0|2|7|4|6|0|8|4|11|7|0|6|5|15|5|0|7|15|8|9|0|7|12|5|12|0|9|12|10|9|0|9|4|14|17|0|16|7|10|10|0|14|15|14|12|0|16|14|14|13|0|14|13|11|14|0|19|8|17|16|0|16|9|16|20|0|30|26|32|28|0|36|45|42|38|0|45|27|34|45|0|41|37|35|46|0|35|39|56|65|0|47|56|58|65|0|61|50|69|70|0|65|100|129|73|0|18</HistCounts>
      </HistItem>
    </Histograms>
    <Metadata>
      <MDI key="SourceBandIndex">0</MDI>
      <MDI key="STATISTICS_COVARIANCES">3742.559828851823</MDI>
      <MDI key="STATISTICS_EXCLUDEDVALUES"></MDI>
      <MDI key="STATISTICS_MAXIMUM">372</MDI>
      <MDI key="STATISTICS_MEAN">307.52944675788</MDI>
      <MDI key="STATISTICS_MINIMUM">168</MDI>
      <MDI key="STATISTICS_SKIPFACTORX">1</MDI>
      <MDI key="STATISTICS_SKIPFACTORY">1</MDI>
      <MDI key="STATISTICS_STDDEV">61.176464664541</MDI>
    </Metadata>
  </PAMRasterBand>
</PAMDataset>
