<PAMDataset>
  <Metadata>
    <MDI key="DataType">Generic</MDI>
  </Metadata>
  <Metadata domain="Esri">
    <MDI key="PyramidResamplingType">NEAREST</MDI>
  </Metadata>
  <PAMRasterBand band="1">
    <Histograms>
      <HistItem>
        <HistMin>-99</HistMin>
        <HistMax>25</HistMax>
        <BucketCount>256</BucketCount>
        <IncludeOutOfRange>1</IncludeOutOfRange>
        <Approximate>0</Approximate>
        <HistCounts>1|0|0|0|0|0|0|0|0|0|1|0|3|0|1|0|2|0|2|0|4|0|6|0|2|0|6|0|5|0|9|0|7|0|12|0|0|9|0|13|0|20|0|18|0|18|0|21|0|17|0|20|0|21|0|19|0|20|0|12|0|23|0|21|0|22|0|14|0|17|0|25|0|0|16|0|12|0|11|0|19|0|12|0|9|0|16|0|15|0|19|0|16|0|25|0|15|0|16|0|27|0|13|0|16|0|26|0|18|0|0|18|0|24|0|21|0|21|0|23|0|17|0|19|0|31|0|19|0|20|0|30|0|29|0|26|0|33|0|34|0|37|0|16|0|0|19|0|11|0|13|0|17|0|16|0|12|0|25|0|18|0|17|0|23|0|18|0|16|0|16|0|16|0|16|0|22|0|13|0|24|0|0|18|0|19|0|16|0|24|0|19|0|17|0|12|0|15|0|12|0|15|0|29|0|11|0|12|0|18|0|14|0|19|0|17|0|30|0|0|18|0|25|0|25|0|31|0|38|0|47|0|75|0|120|0|78|0|139|0|119|0|119|0|145|0|201|0|224|0|143|0|74|0|0|2</HistCounts>
      </HistItem>
    </Histograms>
    <Metadata>
      <MDI key="SourceBandIndex">0</MDI>
      <MDI key="STATISTICS_COVARIANCES">1167.578529112589</MDI>
      <MDI key="STATISTICS_EXCLUDEDVALUES"></MDI>
      <MDI key="STATISTICS_MAXIMUM">25</MDI>
      <MDI key="STATISTICS_MEAN">-10.927721594289</MDI>
      <MDI key="STATISTICS_MINIMUM">-99</MDI>
      <MDI key="STATISTICS_SKIPFACTORX">1</MDI>
      <MDI key="STATISTICS_SKIPFACTORY">1</MDI>
      <MDI key="STATISTICS_STDDEV">34.169848245384</MDI>
    </Metadata>
  </PAMRasterBand>
</PAMDataset>
