<PAMDataset>
  <Metadata>
    <MDI key="DataType">Generic</MDI>
  </Metadata>
  <Metadata domain="Esri">
    <MDI key="PyramidResamplingType">NEAREST</MDI>
  </Metadata>
  <PAMRasterBand band="1">
    <Histograms>
      <HistItem>
        <HistMin>267</HistMin>
        <HistMax>351</HistMax>
        <BucketCount>256</BucketCount>
        <IncludeOutOfRange>1</IncludeOutOfRange>
        <Approximate>0</Approximate>
        <HistCounts>2|0|0|5|0|0|12|0|0|24|0|0|42|0|0|65|0|0|75|0|0|90|0|0|100|0|0|99|0|0|77|0|0|47|0|0|34|0|0|32|0|0|27|0|0|16|0|0|15|0|0|19|0|0|13|0|0|14|0|0|15|0|0|10|0|0|17|0|0|7|0|0|14|0|0|11|0|0|17|0|0|11|0|0|0|14|0|0|17|0|0|15|0|0|13|0|0|14|0|0|23|0|0|16|0|0|11|0|0|12|0|0|13|0|0|9|0|0|11|0|0|20|0|0|8|0|0|9|0|0|13|0|0|5|0|0|5|0|0|8|0|0|9|0|0|12|0|0|13|0|0|19|0|0|15|0|0|6|0|0|19|0|0|16|0|0|14|0|0|0|16|0|0|21|0|0|27|0|0|33|0|0|36|0|0|67|0|0|102|0|0|140|0|0|143|0|0|106|0|0|78|0|0|62|0|0|62|0|0|55|0|0|62|0|0|43|0|0|48|0|0|72|0|0|63|0|0|77|0|0|106|0|0|117|0|0|102|0|0|99|0|0|85|0|0|105|0|0|115|0|0|48|0|0|0|3</HistCounts>
      </HistItem>
    </Histograms>
    <Metadata>
      <MDI key="SourceBandIndex">0</MDI>
      <MDI key="STATISTICS_COVARIANCES">757.5782006077736</MDI>
      <MDI key="STATISTICS_EXCLUDEDVALUES"></MDI>
      <MDI key="STATISTICS_MAXIMUM">351</MDI>
      <MDI key="STATISTICS_MEAN">318.45716835217</MDI>
      <MDI key="STATISTICS_MINIMUM">267</MDI>
      <MDI key="STATISTICS_SKIPFACTORX">1</MDI>
      <MDI key="STATISTICS_SKIPFACTORY">1</MDI>
      <MDI key="STATISTICS_STDDEV">27.524138508004</MDI>
    </Metadata>
  </PAMRasterBand>
</PAMDataset>
