<PAMDataset>
  <Metadata>
    <MDI key="DataType">Generic</MDI>
  </Metadata>
  <Metadata domain="Esri">
    <MDI key="PyramidResamplingType">NEAREST</MDI>
  </Metadata>
  <PAMRasterBand band="1">
    <Histograms>
      <HistItem>
        <HistMin>-36</HistMin>
        <HistMax>100</HistMax>
        <BucketCount>256</BucketCount>
        <IncludeOutOfRange>1</IncludeOutOfRange>
        <Approximate>0</Approximate>
        <HistCounts>1|0|0|0|0|1|0|3|0|2|0|2|0|6|0|6|3|0|10|0|11|0|8|0|10|0|14|0|16|0|25|25|0|22|0|20|0|17|0|23|0|23|0|23|0|28|23|0|22|0|22|0|23|0|24|0|13|0|10|0|16|12|0|6|0|17|0|8|0|20|0|21|0|16|0|22|13|0|22|0|19|0|18|0|17|0|21|0|12|0|26|18|0|17|0|12|0|15|0|9|0|10|0|13|0|23|19|0|18|0|6|0|12|0|17|0|11|0|15|0|20|18|0|22|0|23|0|20|0|19|0|12|0|23|0|5|9|0|15|0|7|0|13|0|11|0|8|0|11|0|8|9|0|17|0|9|0|18|0|17|0|18|0|12|0|11|13|0|14|0|15|0|16|0|13|0|14|0|19|0|18|10|0|18|0|17|0|17|0|28|0|8|0|14|0|19|17|0|13|0|13|0|15|0|12|0|19|0|17|0|13|16|0|14|0|33|0|32|0|29|0|29|0|28|0|44|47|0|81|0|83|0|86|0|84|0|94|0|96|0|102|84|0|101|0|129|0|130|0|139|0|149|0|61|0|7</HistCounts>
      </HistItem>
    </Histograms>
    <Metadata>
      <MDI key="SourceBandIndex">0</MDI>
      <MDI key="STATISTICS_COVARIANCES">1670.626246384633</MDI>
      <MDI key="STATISTICS_EXCLUDEDVALUES"></MDI>
      <MDI key="STATISTICS_MAXIMUM">100</MDI>
      <MDI key="STATISTICS_MEAN">56.99256395003</MDI>
      <MDI key="STATISTICS_MINIMUM">-36</MDI>
      <MDI key="STATISTICS_SKIPFACTORX">1</MDI>
      <MDI key="STATISTICS_SKIPFACTORY">1</MDI>
      <MDI key="STATISTICS_STDDEV">40.87329502725</MDI>
    </Metadata>
  </PAMRasterBand>
</PAMDataset>
