<PAMDataset>
  <Metadata>
    <MDI key="DataType">Generic</MDI>
  </Metadata>
  <Metadata domain="Esri">
    <MDI key="PyramidResamplingType">NEAREST</MDI>
  </Metadata>
  <PAMRasterBand band="1">
    <Histograms>
      <HistItem>
        <HistMin>86</HistMin>
        <HistMax>258</HistMax>
        <BucketCount>256</BucketCount>
        <IncludeOutOfRange>1</IncludeOutOfRange>
        <Approximate>0</Approximate>
        <HistCounts>1|0|0|0|0|0|0|0|2|0|2|1|0|2|3|0|3|5|0|1|3|0|4|5|0|6|8|0|5|12|0|9|16|0|13|18|0|13|16|0|18|22|12|0|13|19|0|9|21|0|17|20|0|22|14|0|20|18|0|19|16|0|10|14|0|12|13|0|9|15|0|14|18|0|20|14|0|12|16|0|16|17|0|11|14|18|0|13|16|0|12|20|0|9|16|0|12|12|0|11|10|0|8|10|0|11|12|0|10|10|0|12|13|0|14|7|0|16|6|0|13|11|0|10|18|0|17|6|18|0|14|19|0|14|9|0|7|16|0|9|6|0|5|5|0|8|6|0|8|9|0|8|7|0|4|12|0|8|9|0|5|9|0|16|6|0|11|12|0|13|12|5|0|9|12|0|7|9|0|12|16|0|11|8|0|9|17|0|19|8|0|7|16|0|9|15|0|15|17|0|15|8|0|12|16|0|7|13|0|6|13|0|16|10|14|0|15|11|0|9|12|0|17|20|0|30|21|0|14|22|0|32|36|0|35|53|0|83|86|0|103|102|0|114|137|0|170|228|0|243|112|0|29|3|0|3</HistCounts>
      </HistItem>
    </Histograms>
    <Metadata>
      <MDI key="SourceBandIndex">0</MDI>
      <MDI key="STATISTICS_COVARIANCES">2645.79442049785</MDI>
      <MDI key="STATISTICS_EXCLUDEDVALUES"></MDI>
      <MDI key="STATISTICS_MAXIMUM">258</MDI>
      <MDI key="STATISTICS_MEAN">207.07703747769</MDI>
      <MDI key="STATISTICS_MINIMUM">86</MDI>
      <MDI key="STATISTICS_SKIPFACTORX">1</MDI>
      <MDI key="STATISTICS_SKIPFACTORY">1</MDI>
      <MDI key="STATISTICS_STDDEV">51.437286286291</MDI>
    </Metadata>
  </PAMRasterBand>
</PAMDataset>
